source_id,url,fetched_title,claim_id,claim_text,overlap_score,note
cmpm1mbnv091fsaert0kkohw5,https://pubmed.ncbi.nlm.nih.gov/17396000,Historical perspectives on the clinical development of bisphosphonates in the treatment of bone diseases.,cmpm1mbog091gsaer1tes0um8,"Bisphosphonates (formerly termed diphosphonates) were first synthesized in the late 1800s; however, their clinical use has been relatively recent. The bisphosphonates' affinity for hydroxyapatite crys",0.14,PubMed PMID 17396000: title has low overlap with claim
cmpm1p9l211hesat0caum7hew,https://pubmed.ncbi.nlm.nih.gov/12796356,Soft tissue sarcomas of adults: state of the translational science.,cmpm1p9ln11hfsat0l4h4okp8,"Sarcomas--like leukemias, which are also mesodermal malignancies--carry biological significance disproportionate to their clinical frequency. Identification of mutations and translocations associated ",0.00,PubMed PMID 12796356: title has low overlap with claim
cmpm1h7eb06sjsaerwvpzt8zx,https://pubmed.ncbi.nlm.nih.gov/9635566,Biological properties of recombinant alpha-interferons: 40th anniversary of the discovery of interferons.,cmpm1h7eu06sksaeruud6mrlu,"IFNs were first described as potent antiviral agents 40 years ago, and recombinant IFN-alpha2a and IFN-alpha2b were approved for the treatment of hairy cell leukemia just 11 years ago. Today, alpha-IF",0.13,PubMed PMID 9635566: title has low overlap with claim
cmpm36i2x0yo3saeritj1gpbg,https://pubmed.ncbi.nlm.nih.gov/11890563,Six-year perspectives on the safety and tolerability of nefazodone.,cmpm36i3j0yo4saeroeyey7sf,"Although quetiapine was introduced as an atypical antipsychotic drug with clinical efficacy in schizophrenia patients, it has been used in a variety of disease states over the last 5 years. The most c",0.00,PubMed PMID 11890563: title has low overlap with claim
cmpm0c9un0fc0sat0puax2ca3,https://pubmed.ncbi.nlm.nih.gov/9079042,"A clinical and experimental study of tendon injury, healing and treatment in the horse.",cmpm0c9v70fc1sat0d90pbvkk,This project was carried out over a five year period (1977 to 1981 inclusive) at the University of Bristol following discussion between the British Veterinary Association and the Royal College of Vete,0.00,PubMed PMID 9079042: title has low overlap with claim
cmplzmmdn03c0sat0gsrmyitu,https://pubmed.ncbi.nlm.nih.gov/10606224,The hypoxic cell: a target for selective cancer therapy--eighteenth Bruce F. Cain Memorial Award lecture.,cmplzmme703c1sat079c6j4oa,"It has been appreciated for more than 50 years that very low levels of oxygenation, or hypoxia, both protect cells from killing by X-irradiation and are present in solid tumors but not in normal tissu",0.00,PubMed PMID 10606224: title has low overlap with claim
cmplzwt53083usat0w4s61rag,https://pubmed.ncbi.nlm.nih.gov/22314561,"Stress and the gut: pathophysiology, clinical consequences, diagnostic approach and treatment options.",cmplzwt5o083vsat0gp4ivn5c,"Stress, which is defined as an acute threat to homeostasis, shows both short- and long-term effects on the functions of the gastrointestinal tract. Exposure to stress results in alterations of the bra",0.14,PubMed PMID 22314561: title has low overlap with claim
cmpm04of10brosat0ufcmhmxg,https://pubmed.ncbi.nlm.nih.gov/12512688,Nitric oxide as a unique signaling molecule in the vascular system: a historical overview.,cmpm04ofk0brpsat0zoqmjvux,"In retrospect, basic research in the fields of NO and cyclic GMP during the past two decades appears to have followed a logical course beginning with the findings that NO and cyclic GMP are vascular s",0.11,PubMed PMID 12512688: title has low overlap with claim
cmpm05s8x0caosat09zelokvn,https://pubmed.ncbi.nlm.nih.gov/1797718,Thinking about thinking: some clinical and theoretical considerations in the treatment of a borderline patient.,cmpm05s9i0capsat08ursrmo6,"This paper addresses a specific aspect of pathological mental functioning in so-called borderline patients. Analytic work with a borderline man is presented to show that an inhibition of, and defences",0.14,PubMed PMID 1797718: title has low overlap with claim
cmpm25hut0k06sadny34jhzwl,https://pubmed.ncbi.nlm.nih.gov/7583624,Schizophrenia: a disconnection syndrome?,cmpm25hve0k07sadn8exo8q9i,We review the evidence of pathophysiological changes in the prefrontal and temporal cortices of schizophrenic subjects and of abnormal integration of the physiological dynamics in these two regions. T,0.00,PubMed PMID 7583624: title has low overlap with claim
cmpm2d0hh0kwfsaeradgjozzx,https://pubmed.ncbi.nlm.nih.gov/17220536,Cytisine for the treatment of nicotine addiction: from a molecule to therapeutic efficacy.,cmpm2d0i20kwgsaeroy0dptvd,"Cytisine, a natural plant alkaloid, has been marketed in Central and Eastern Europe for over 40 years for the clinical management of smoking cessation. Despite the fact that cytisine has been used by ",0.14,PubMed PMID 17220536: title has low overlap with claim
cmpm2djsc0nqosadnpk455zp1,https://pubmed.ncbi.nlm.nih.gov/10127041,Building a learning organization.,cmpm2djsw0nqpsadne1yftjfk,"Continuous improvement programs are proliferating as corporations seek to better themselves and gain an edge. Unfortunately, however, failed programs far outnumber successes, and improvement rates rem",0.00,PubMed PMID 10127041: title has low overlap with claim
cmpm1yg0c15j2sat0fbchpe6a,https://pubmed.ncbi.nlm.nih.gov/7723457,The significance of treatment effects: the clinical perspective.,cmpm1yg0u15j3sat0maklennl,"It is important for clinicians to understand changes or differences in health status scores so they can interpret published research, clinical changes among their patients, and sample size estimates i",0.00,PubMed PMID 7723457: title has low overlap with claim
cmpm4j1e61o2isadnvjz57hx2,https://pubmed.ncbi.nlm.nih.gov/11232138,Problems for clinical judgement: introducing cognitive psychology as one more basic science.,cmpm4j1eq1o2jsadnj9wi11es,"Medical practice is not easy because of its inherent widespread uncertainty. Some questions are settled eventually through clinical trials, whereas others are impossible to resolve. Between these 2 ex",0.13,PubMed PMID 11232138: title has low overlap with claim
cmpm5dwwn1zwrsaerdql6tu5i,https://pubmed.ncbi.nlm.nih.gov/8639168,Guidelines for monitoring drug therapy in rheumatoid arthritis. American College of Rheumatology Ad Hoc Committee on Clinical Guidelines.,cmpm5dwx61zwssaer2mb7mt8m,"Drugs used to treat RA may cause death, disability, and diseases, especially if the treatment continues in the setting of undetected toxicity. Prevention of toxicity may be enhanced by pretreatment as",0.10,PubMed PMID 8639168: title has low overlap with claim
cmpm2uph50t5lsaervkqoj6rt,https://pubmed.ncbi.nlm.nih.gov/17455888,The use of fillers and botulinum toxin type A in combination with superficial glycolic acid (alpha-hydroxy acid) peels: optimizing injection therapy with the skin-smoothing properties of peels.,cmpm2upho0t5msaerr2wwjnfb,Propionibacterium acnes is an anaerobic bacterium that plays an important role in the pathogenesis of acne. Certain antibiotics that can inhibit P acnes colonization also have demonstrated anti-inflam,0.00,PubMed PMID 17455888: title has low overlap with claim
cmpm60vvk2deisadn9mjdlnfw,https://pubmed.ncbi.nlm.nih.gov/16845211,Modulatory effect of sildenafil in diabetes and electroconvulsive shock-induced cognitive dysfunction in rats.,cmpm60vw52dejsadnlrzkh0zt,"The nitric oxide/guanylyl cyclase, cyclic guanosine monophosphate/phosphodiesterase 5 (NO/cGMP/PDE5) pathways play a key role in physiological and pathological situations, such as synaptic plasticity,",0.13,PubMed PMID 16845211: title has low overlap with claim
cmpm69y0f2f68safw1ih271le,https://pubmed.ncbi.nlm.nih.gov/12098013,"Replacement, reduction and refinement.",cmpm69y0z2f69safwvb28cpsf,"In 1959, William Russell and Rex Burch published ""The Principles of Humane Experimental Technique"". They proposed that if animals were to be used in experiments, every effort should be made to Replace",0.00,PubMed PMID 12098013: title has low overlap with claim
cmpm6fxij2kjcsadn9p06z66r,https://pubmed.ncbi.nlm.nih.gov/12964393,The quest for resilience.,cmpm6fxj22kjdsadnkj9xumsx,"In less turbulent times, executives had the luxury of assuming that business models were more or less immortal. Companies always had to work to get better, but they seldom had to get different--not at",0.00,PubMed PMID 12964393: title has low overlap with claim
cmpm6gxbh2i9rsaerzj5d1p0v,https://pubmed.ncbi.nlm.nih.gov/10546786,Attaining higher goals in HIV treatment: the central importance of adherence.,cmpm6gxc22i9ssaerj4t3ormo,"In recent years, advances in HIV therapeutics have changed the nature of HIV/AIDS disease, so that it has now assumed some of the characteristics of a 'chronic' disease. Several factors have, however,",0.00,PubMed PMID 10546786: title has low overlap with claim
cmpm8a9zt3d3ksafwxu7s34ki,https://pubmed.ncbi.nlm.nih.gov/9017679,Prognoses of seriously ill hospitalized patients on the days before death: implications for patient care and public policy.,cmpm8aa0d3d3lsafwtteio7wd,"Troubling aspects of the experiences of patients at the ends of their lives have fueled interest in special benefits or privileges for this group. There is a presumption that being ""at the end of life",0.10,PubMed PMID 9017679: title has low overlap with claim
cmpm8kvj53hx9saer452mwta8,https://pubmed.ncbi.nlm.nih.gov/7521326,Dopamine antagonists in tic-related and psychotic spectrum obsessive compulsive disorder.,cmpm8kvjp3hxasaeru4zvc1ju,BACKGROUND: To determine the efficacy and safety of a serotonin selective reuptake inhibitor (SSRI) combined with moclobemide in the treatment of 11 patients with various DSM-III-R diagnoses. METHOD: ,0.00,PubMed PMID 7521326: title has low overlap with claim
cmpm3xoeb1bf9saer1f33e8mz,https://pubmed.ncbi.nlm.nih.gov/15817963,"HIV-TB co-infection: epidemiology, diagnosis & management.",cmpm3xoev1bfasaertxty902w,"HIV/AIDS pandemic has caused a resurgence of TB, resulting in increased morbidity and mortality worldwide. HIV and Mycobacterium tuberculosis have a synergistic interaction; each accentuates progressi",0.00,PubMed PMID 15817963: title has low overlap with claim
cmpm40t751cw3saer5aqgo37z,https://pubmed.ncbi.nlm.nih.gov/23390376,CTLA-4 blockade in tumor models: an overview of preclinical and translational research.,cmpm40t7p1cw4saerqxs7ygwx,Cytotoxic T lymphocyte antigen-4 (CTLA-4) is a key negative regulator of T cell activation. A complex integration of positive and negative co-stimulatory signals in the well-defined B7:CD28/CTLA-4 pat,0.13,PubMed PMID 23390376: title has low overlap with claim
cmpm6zyec2u10sadnjjul8kdn,https://pubmed.ncbi.nlm.nih.gov/15198281,Why people 'freeze' in an emergency: temporal and cognitive constraints on survival responses.,cmpm6zyey2u11sadni3pcrbcf,BACKGROUND: Many witnesses attest that victims of a disaster often perish despite reasonable possibilities for escaping because their behavior during the initial moments of the accident was inappropri,0.00,PubMed PMID 15198281: title has low overlap with claim
cmpm7aj4v2w7rsaerbthd9xh2,https://pubmed.ncbi.nlm.nih.gov/20496534,General principles of chemotherapy.,cmpm7aj5g2w7ssaerv4tz02vm,"BACKGROUND AND OBJECTIVE: Over the last 50 years, medical treatment of solid cancers gained major advances in terms of effectiveness through breakthrough knowledge of cancer biology, technology develo",0.00,PubMed PMID 20496534: title has low overlap with claim
cmpm7kye63133saer6dviss5s,https://pubmed.ncbi.nlm.nih.gov/26522484,"Gestational trophoblastic diseases - clinical guidelines for diagnosis, treatment, follow-up, and counselling.",cmpm7kyeq3134saer3ohvxvbb,"Hydatidiform mole is treated with surgical uterine evacuation with suction and blunt curettage (D). Medical uterine evacuation should not be used (C). On clinical suspicion of hydatidiform mole, one r",0.00,PubMed PMID 26522484: title has low overlap with claim
cmpmbjo7j4vzrsaergbg8i9or,https://pubmed.ncbi.nlm.nih.gov/18450228,Pharmacokinetics of vitamin C: insights into the oral and intravenous administration of ascorbate.,cmpmbjo854vzssaerajbxzrxr,"There is a strong advocacy movement for large doses of vitamin C. Some authors argue that the biological half-life for vitamin C at high plasma levels is about 30 minutes, but these reports are the su",0.13,PubMed PMID 18450228: title has low overlap with claim
cmpmblk9c4zrosadn16bzpcgv,https://pubmed.ncbi.nlm.nih.gov/3059243,The neurobiology of learning and memory: elucidation of the mechanisms of cognitive dysfunction.,cmpmblk9w4zrpsadn6stj66y0,"This paper reviews evidence which suggests that there is a series of events at the synaptic level, beginning with synaptic activation, responsible for the formation of memories. Synaptic use above rou",0.00,PubMed PMID 3059243: title has low overlap with claim
cmpmc6k8h56oxsaerivv6gd9x,https://pubmed.ncbi.nlm.nih.gov/4586023,Brain research and violent behavior. A summary and evaluation of the status of biomedical research on brain and aggressive violent behavior. Neuroanatomical and neurophysiologic studies.,cmpmc6k9156oysaer6d00uj0z,The development and use of biomedical methods for the treatment of behavioral disorders during the past decade has generated discussion in the scientific community about issues of efficacy and safety ,0.09,PubMed PMID 4586023: title has low overlap with claim
cmpm8sr713lm3saeruny8xtk7,https://pubmed.ncbi.nlm.nih.gov/15653670,The promise of targeted {alpha}-particle therapy.,cmpm8sr7m3lm4saerndu77z00,The use of monoclonal antibodies to deliver radioisotopes directly to tumor cells has become a promising strategy to enhance the antitumor effects of native antibodies. Since the alpha- and beta-parti,0.00,PubMed PMID 15653670: title has low overlap with claim
cmpm8zhvf3osfsaeryjm0b05d,https://pubmed.ncbi.nlm.nih.gov/15742586,The challenge of assuring continued post-trial access to beneficial treatment.,cmpm8zhvx3osgsaerc87d3z21,Sam Jones has agreed to participate in a clinical trial testing an experimental drug as a possible treatment for his chronic disease. The primary outcome of effectiveness is a decrease in a specific d,0.14,PubMed PMID 15742586: title has low overlap with claim
cmpm9mql23znfsaery3kv0tgk,https://pubmed.ncbi.nlm.nih.gov/3864526,Properties of antitumor anthracyclines and new developments in their application: Cain memorial award lecture.,cmpm9mqlm3zngsaerd0b34v2v,The established efficacy of doxorubicin in the medical treatment of cancer is hampered by dose limiting side effects and lack of activity on major clinical tumors. The new derivative epirubicin (4'-ep,0.00,PubMed PMID 3864526: title has low overlap with claim
cmpmcl99z5djxsaerg9669pft,https://pubmed.ncbi.nlm.nih.gov/9219775,Diagnosis and treatment of gastrointestinal bleeding secondary to portal hypertension. American College of Gastroenterology Practice Parameters Committee.,cmpmcl9ah5djysaerd52dvhea,"Guidelines for clinical practice are intended to suggest preferable approaches to particular medical problems as established by interpretation and collation of scientifically valid research, derived f",0.08,PubMed PMID 9219775: title has low overlap with claim
cmpmcd5yv59sqsafwxfco3inw,https://pubmed.ncbi.nlm.nih.gov/10134748,The incidence of mandated maternity benefits.,cmpmcd5zf59srsafwk9l7uprh,I consider the labor-market effects of mandates which raise the costs of employing a demographically identifiable group. The efficiency of these policies will be largely dependent on the extent to whi,0.00,PubMed PMID 10134748: title has low overlap with claim
cmpmcpyyp5frfsaerjpqa6x37,https://pubmed.ncbi.nlm.nih.gov/10954683,Detection and prevention of NSAID-induced enteropathy.,cmpmcpyza5frgsaeracal8igb,"Non-steroidal anti-inflammatory drugs (NSAIDs) may cause damage distal to the duodenum. We reviewed the prevalence, clinical spectrum, assessment, pathogenesis, and treatment of adverse effects of NSA",0.00,PubMed PMID 10954683: title has low overlap with claim
cmpmcr7x65gclsaerxh8tf45w,https://pubmed.ncbi.nlm.nih.gov/9227671,Efficacy issues with antidepressants.,cmpmcr7xp5gcmsaer4lo5423p,"Clinical trials of antidepressant medications have shown that, overall, these drugs are effective, as measured by a > or = 50% decrease in Hamilton Rating Scale for Depression (HAM-D) total scores in ",0.00,PubMed PMID 9227671: title has low overlap with claim
cmpmct6b35h9qsafwkio638wj,https://pubmed.ncbi.nlm.nih.gov/25336869,"Pharmaceutical innovation: impact on expenditure and outcomes and subsequent challenges for pharmaceutical policy, with a special reference to Greece.",cmpmct6bn5h9rsafwrcxdkrvm,"Over the recent decades, advances in healthcare technology have led to significant improvements in the quality of healthcare and in population health. At the same time, technological change in healthc",0.09,PubMed PMID 25336869: title has low overlap with claim
cmpmcxdd75m7csadnx5qv45is,https://pubmed.ncbi.nlm.nih.gov/11594296,Hypoglycaemia and cognitive function in diabetes.,cmpmcxdds5m7dsadnq3ht1aie,"The human brain is almost totally dependent on a continuous supply of glucose, deprivation of which rapidly causes malfunction. In the brain there are regional differences in the susceptibility to neu",0.00,PubMed PMID 11594296: title has low overlap with claim
cmpomyg6j02aosawxtdb4tpp3,https://pubmed.ncbi.nlm.nih.gov/10937349,Biochemical studies of a natural antioxidant isolated from rosemary and its application in cosmetic dermatology.,cmpomyg7202apsawx1ayb4pzw,"Oxidative damage to DNA, RNA, proteins and cell membranes occurs when the cellular concentration of reactive oxygen species exceeds the capacity of the cell to eliminate them. Aerobic prokaryotic and ",0.00,PubMed PMID 10937349: title has low overlap with claim
cmpon0vob03g0sawxgd90sh3v,https://pubmed.ncbi.nlm.nih.gov/20480790,Nanoparticles: a closer look at their dermal effects.,cmpon0vov03g1sawxkjhfnst6,Nano-sized particles represent a unique class of materials with novel physiochemical properties due to increased surface area. Many sunscreens and cosmetics are now using nano-sized titanium dioxide a,0.00,PubMed PMID 20480790: title has low overlap with claim
cmpon3wmd04uosawx32dlvaxq,https://pubmed.ncbi.nlm.nih.gov/25807336,Male aesthetics.,cmpon3wmx04upsawxjhea6tmd,"Men are a fast growing segment of the aesthetic industry. A review was performed for publications on gender differences in facial anatomy, behavior, and the use of minimally invasive aesthetic procedu",0.00,PubMed PMID 25807336: title has low overlap with claim
cmponappu07zosawx7ymusnxo,https://pubmed.ncbi.nlm.nih.gov/18649706,Soft tissue augmentation: nonsurgical approaches to treatment of the mid and lower facial regions.,cmponapqe07zpsawxyic5agq0,"Fillers are playing an increasing role in dermatology practice, complementing the use of laser and other procedures used in skin rejuvenation. Prior to the injection of any filler, the patient should ",0.00,PubMed PMID 18649706: title has low overlap with claim
cmpondee2098usawxauct04cq,https://pubmed.ncbi.nlm.nih.gov/23135651,"Six steps to the ""perfect"" lip.",cmpondeep098vsawxi5ol53fj,"Full lips have always been associated with youth and beauty. Because of this, lip enhancement is one of the most frequently requested procedures in a cosmetic practice. For novice injectors, we recomm",0.00,PubMed PMID 23135651: title has low overlap with claim
cmq3fiayf18uosavct4z1p5ko,https://pubmed.ncbi.nlm.nih.gov/11658336,Deciding who gets what.,cmq3fiayz18upsavcyh06m95p,"Gerald R. Winslow's book, Triage and Justice, is reviewed, beginning with a brief discussion of the triage theory of medical care in the context of war, natural disasters, and the allocation of scarce",0.00,PubMed PMID 11658336: title has low overlap with claim
cmq3lhd544ua0savcwj6tkl2t,https://pubmed.ncbi.nlm.nih.gov/24478567,GENERALIZED DOUBLE PARETO SHRINKAGE.,cmq3lhd5n4ua1savcqsb0t1gf,"-like tail behavior. Bayesian computation is straightforward via a simple Gibbs sampling algorithm. We investigate the properties of the maximum a posteriori estimator, as sparse estimation plays an i",0.00,PubMed PMID 24478567: title has low overlap with claim
cmq3t42au9fdusavc1m420g3c,https://pubmed.ncbi.nlm.nih.gov/25309137,Node-Based Learning of Multiple Gaussian Graphical Models.,cmq3t42bf9fdvsavcqsai6tqs,"penalty function, we formulate two convex optimization problems that correspond to these two assumptions. We solve these problems using an alternating direction method of multipliers algorithm, and we",0.00,PubMed PMID 25309137: title has low overlap with claim
cmponfqr10accsawxb9bs8vuh,https://pubmed.ncbi.nlm.nih.gov/17684841,Rejuvenation of the aging face using fractional photothermolysis and intense pulsed light: a new technique.,cmponfqrk0acdsawxsrjeh6n6,"Photoaging is an inevitable occurrence for people who have a fair skin type, who live in a sunny climate, and who enjoy the outdoors. In the past the remedies for this condition were limited to dermab",0.00,PubMed PMID 17684841: title has low overlap with claim
cmponuzii0heusawx1j4ibjv4,https://pubmed.ncbi.nlm.nih.gov/40819205,"A Comparative Analysis of the Complication Rate in ""Mommy Makeover"" Procedures and Abdominoplasty.",cmponuziz0hevsawxci5ytq2u,BACKGROUND: Abdominoplasties are among the most common procedures in aesthetic plastic surgery. The target audience are patients after massive weight loss who are left with excess skin and post-partum,0.14,PubMed PMID 40819205: title has low overlap with claim
cmpoo5qhx0mf6sawxmjbamxsg,https://pubmed.ncbi.nlm.nih.gov/15303781,Improved quality of life with effective treatment of facial melasma: the pigment trial.,cmpoo5qid0mf7sawx58dytndh,Melasma is a common hyperpigmentation of the face or neck that can have severe adverse psychological and emotional effects on affected individuals. Although a variety of treatments have been used over,0.13,PubMed PMID 15303781: title has low overlap with claim
cmpoo6voy0mxusawxe98j9k76,https://pubmed.ncbi.nlm.nih.gov/22220462,Melasma--updated treatments.,cmpoo6vpi0mxvsawxfvscgln4,"Melasma is a common, acquired facial skin disorder, mostly involving sun-exposed areas like cheeks, forehead and upper lip. Melasma occurs in both sexes, although almost 90 percent of the affected are",0.00,PubMed PMID 22220462: title has low overlap with claim
cmpoo803h0ngosawxpiov72hw,https://pubmed.ncbi.nlm.nih.gov/16302566,Q-switched alexandrite laser-assisted treatment of melasma: 2-year follow-up monitoring.,cmpoo80400ngpsawxz2d6j29f,"Melasma is a common disorder of hyperpigmentation involving sun exposed face and neck areas. Three clinical patterns of melasma are recognized: the centrofacial, the malar, and the mandibular ones. Se",0.13,PubMed PMID 16302566: title has low overlap with claim
cmq3e6hfk0ge0savcbuv40cr1,https://pubmed.ncbi.nlm.nih.gov/21552465,Spectral Regularization Algorithms for Learning Large Incomplete Matrices.,cmq3e6hg40ge1savctneql4tm,"We use convex relaxation techniques to provide a sequence of regularized low-rank solutions for large-scale matrix completion problems. Using the nuclear norm as a regularizer, we provide a simple and",0.00,PubMed PMID 21552465: title has low overlap with claim
cmq3mxct65pj6savctvpjk8k7,https://pubmed.ncbi.nlm.nih.gov/31130828,Matrix Completion and Low-Rank SVD via Fast Alternating Least Squares.,cmq3mxctr5pj7savcl89wdol9,"The matrix-completion problem has attracted a lot of attention, largely as a result of the celebrated Netflix competition. Two popular approaches for solving the problem are nuclear-norm-regularized m",0.14,PubMed PMID 31130828: title has low overlap with claim
cmpmabnaa4befsaerqae5vl49,https://pubmed.ncbi.nlm.nih.gov/26373225,Local Drug Delivery Systems in the Treatment of Periodontitis: A Literature Review.,cmpmabnav4begsaerdxjchd1j,"In order to complement non-surgical therapy in periodontitis, there are multiple options of antimicrobials, such as metronidazole, chlorhexidine, minocycline, doxycycline and tetracycline, which can b",0.14,PubMed PMID 26373225: title has low overlap with claim
cmpmargj44iuesafwphc3035v,https://pubmed.ncbi.nlm.nih.gov/15643796,Knowledge-based changes to health systems: the Thai experience in policy development.,cmpmargjp4iufsafw3l6kajxj,Over the past two decades the government in Thailand has adopted an incremental approach to extending health-care coverage to the population. It first offered coverage to government employees and thei,0.13,PubMed PMID 15643796: title has low overlap with claim
cmpmaz1h24mbrsaereahcdsoa,https://pubmed.ncbi.nlm.nih.gov/12562058,Adaptive changes related to medication treatment of ADHD: listening to parents of children in clinical trials of a novel nonstimulant medication.,cmpmaz1hm4mbssaer780s4qd0,"The DSM-IV diagnostic criteria for attention-deficit/hyperactivity disorder (ADHD) have proved useful in providing a common language for diagnosing, treating, and researching the disorder. Despite the",0.09,PubMed PMID 12562058: title has low overlap with claim
cmpmb1nhh4nk3saerlvwrq6t6,https://pubmed.ncbi.nlm.nih.gov/2639897,[Retinal pigment epithelial detachment].,cmpmb1ni14nk4saery0gb7o2o,"The vast majority of cases of AMD involve widespread disease with visible neovascularization, ""occult"" neovascularization, and serous as well as hemorrhagic detachments of the RPE. Accurate interpreta",0.00,PubMed PMID 2639897: title has low overlap with claim
cmpmb7eqy4q9lsaer0or4hvkl,https://pubmed.ncbi.nlm.nih.gov/15210402,Dalteparin: pharmacological properties and clinical efficacy in the prophylaxis and treatment of thromboembolic diseases.,cmpmb7erh4q9msaerhuiwaxgi,"Dalteparin is a low molecular weight heparin (LMWH) with a mean molecular weight of approximately 5,000. As with the other low molecular weight heparins, dalteparin has certain advantages over unfract",0.13,PubMed PMID 15210402: title has low overlap with claim
cmq3xs6duc8nusavc582jfbuv,https://pubmed.ncbi.nlm.nih.gov/31909580,Mortality-Air Pollution Associations in Low-Exposure Environments (MAPLE): Phase 1.,cmq3xs6eec8nvsavci10jdt6x,INTRODUCTION: ) observed throughout Canada. METHODS: . Both existing and targeted ground-based measurements were analyzed to develop improved exposure data sets for subsequent epidemiological analyses,0.00,PubMed PMID 31909580: title has low overlap with claim
000bb469-dab6-4f82-886b-5eafcca368a2,https://doi.org/10.1145/3465631.3465842,"<i>Retracted on February 24, 2022</i>
                    : Cultivating Students’ Cultural Confidence in College English Teaching Based on Computer Corpora",b0cb9459-7ea5-456f-b667-d589b7836738,"NOTICE OF RETRACTION: While investigating potential publication-related misconduct in connection with the ICIMTech 2021 Conference Proceedings, serious concerns were raised that cast doubt on the inte",0.00,DOI 10.1145/3465631.3465842: title has low overlap with claim
0010dd37-1466-4241-8755-ef51fc0add9a,https://doi.org/10.3892/etm.2024.12751,[Retracted] SIRT6 promotes ferroptosis and attenuates glycolysis in pancreatic cancer through regulation of the NF‑κB pathway,6f0ce485-5342-45bb-9e25-b5a8afb9553d,[This retracts the article DOI: 10.3892/etm.2022.11430.].,0.00,DOI 10.3892/etm.2024.12751: title has low overlap with claim
00031690-235f-40ec-862a-385126850c0a,https://doi.org/10.1016/j.electacta.2024.145562,RETRACTED: An innovative ZnO NbN composite cathodic electrode with large interfacial contact area for high performance supercapacitor,e84d3189-9fc3-48c4-9234-b41c977319d6,"This article has been retracted: please see Elsevier policy on Article Correction, Retraction and Removal ( https://www.elsevier.com/about/policies-and-standards/article-withdrawal ). This article has",0.08,DOI 10.1016/j.electacta.2024.145562: title has low overlap with claim
de37c31a-34ae-467c-baf9-206b628277c6,https://doi.org/10.1155/2022/9074524,Hardware Optimization and System Design of Elliptic Curve Encryption Algorithm Based on FPGA,da8287f9-def5-4bd0-9da6-7cd815bcf622,"Since entering the era of big data, the degree of information sharing is getting higher and higher; the information exchange is becoming more and more convenient, but at the same time, personal inform",0.00,DOI 10.1155/2022/9074524: title has low overlap with claim
ef2480bc-9bbb-457b-a078-10d51afe569f,https://doi.org/10.1088/1757-899x/1145/1/012138,"Retraction: Microbial Composting (IOP Conf. Ser.: Mater. Sci. Eng.
                  1145 012019)",e1d1589c-cabc-4f0e-bb70-094a96972e82,This article (and all articles in the proceedings volume relating to the same conference) has been retracted by IOP Publishing following an extensive investigation in line with the COPE guidelines. Th,0.00,DOI 10.1088/1757-899x/1145/1/012138: title has low overlap with claim
cmot5uiu60013xnix8pun891p,https://patents.google.com/patent/US4341228,"US4341228A - Method for employing tobacco dust in a paper-making type preparation of reconstituted tobacco and the smoking material produced thereby 
        - Google Patents",cmot5uiun0014xnix4u8xhv6t,"U.S. Patent 4,341,228 (Nicotine transfer in tobacco composition) was granted to Philip Morris on July 26, 1982, with inventors Klaus Römer.",0.08,page title has low overlap with claim
cmpdkj4e60ht5plodugflohhx,https://eli.gov.pl/eli/DU/2022/1561,Obwieszczenie Marszałka Sejmu Rzeczypospolitej Polskiej z dnia 16 czerwca 2023 r. w sprawie ogłoszenia jednolitego tekstu ustawy o finansowym wsparciu rodzin i innych osób w nabywaniu własnego mieszkania,cmpdkj4fe0ht6plodd4yyjufb,Ustawa z dnia 7 lipca 2022 r. o zmianie niektórych ustaw w zakresie sposobu finansowania programów mieszkaniowych,0.08,page title has low overlap with claim
cmpfqkwwk375cpltq6xgvmau3,https://www.ebi.ac.uk/chebi/searchId.do?chebiId=CHEBI:59082,N-{alpha-Glc-(1->3)-alpha-Glc-(1->3)-alpha-Man-(1->2)-alpha-Man-(1->2)-alpha-Man-(1->3)-[alpha-Man-(1->2)-alpha-Man-(1->3)-[alpha-Man-(1->2)-alpha-Man-(1->6)]-alpha-Man-(1->6)]-beta-Man-(1->4)-beta-GlcNAc-(1->4)-beta-GlcNAc}-L-Asn residue (CHEBI:59082),cmpfqkwxp375dpltq261jnnvv,<em>N</em>-{α-Glc-(1→3)-α-Glc-(1→3)-α-Man-(1→2)-α-Man-(1→2)-α-Man-(1→3)-[α-Man-(1→2)-α-Man-(1→3)-[α-Man-(1→2)-α-Man-(1→6)]-α-Man-(1→6)]-β-Man-(1→4)-β-GlcNAc-(1→4)-β-GlcNAc}-<small>L</small>-Asn residu,0.09,page title has low overlap with claim
cmpfqyxwu3o3cpltqkyn0zvtb,https://www.ebi.ac.uk/chebi/searchId.do?chebiId=CHEBI:62996,alpha-D-GlcNAc-(1->2)-beta-D-Glc-(1->4)-[beta-D-Glc-(1->3)]-[alpha-D-Gal-(1->4)-beta-D-Gal-(1->4)-alpha-D-Glc-(1->2)-beta-D-Glc-(1->6)]-alpha-D-Glc-(1->5)-[alpha-D-Kdo-(2->4)]-alpha-D-Kdo-(2->6)-Lipid A (CHEBI:62996),cmpfqyxxw3o3dpltqfidsjg4n,α-<small>D</small>-GlcNAc-(1→2)-β-<small>D</small>-Glc-(1→4)-[β-<small>D</small>-Glc-(1→3)]-[α-<small>D</small>-Gal-(1→4)-β-<small>D</small>-Gal-(1→4)-α-<small>D</small>-Glc-(1→2)-β-<small>D</small>-G,0.09,page title has low overlap with claim
cmpfqyy633o3opltq6ij3kjk8,https://www.ebi.ac.uk/chebi/searchId.do?chebiId=CHEBI:62998,alpha-D-Gal-(1->4)-beta-D-Gal-(1->4)-alpha-D-GlcNAc-(1->2)-beta-D-Glc-(1->4)-[beta-D-Glc-(1->3)]-[alpha-D-Gal-(1->4)-beta-D-Gal-(1->4)-alpha-D-Glc-(1->2)-beta-D-Glc-(1->6)]-alpha-D-Glc-(1->5)-[alpha-D-Kdo-(2->4)]-alpha-D-Kdo-(2->6)-Lipid A (CHEBI:62998),cmpfqyy773o3ppltq779dqh59,α-<small>D</small>-Gal-(1→4)-β-<small>D</small>-Gal-(1→4)-α-<small>D</small>-GlcNAc-(1→2)-β-<small>D</small>-Glc-(1→4)-[β-<small>D</small>-Glc-(1→3)]-[α-<small>D</small>-Gal-(1→4)-β-<small>D</small>-G,0.09,page title has low overlap with claim
cmpfr0ted3qeipltq7ofc1tiy,https://www.ebi.ac.uk/chebi/searchId.do?chebiId=CHEBI:63520,alpha-NeuNAc-(2->3)-beta-D-Gal-(1->4)-beta-D-GlcNAc-(1->2)-alpha-D-Man-(1->3)-[beta-D-Gal6S-(1->4)-beta-D-GlcNAc6S-(1->3)-beta-D-Gal-(1->4)-beta-D-GlcNAc-(1->2)-alpha-D-Man-(1->6)]-beta-D-Man-(1->4)-beta-D-GlcNAc-(1->4)-beta-D-GlcNAc-yl group (CHEBI:63520),cmpfr0tfg3qejpltqvxpot1xc,α-NeuNAc-(2→3)-β-<small>D</small>-Gal-(1→4)-β-<small>D</small>-GlcNAc-(1→2)-α-<small>D</small>-Man-(1→3)-[β-<small>D</small>-Gal6S-(1→4)-β-<small>D</small>-GlcNAc6S-(1→3)-β-<small>D</small>-Gal-(1→4)-,0.09,page title has low overlap with claim
cmpfr0tnq3qeupltqdr5zay1w,https://www.ebi.ac.uk/chebi/searchId.do?chebiId=CHEBI:63522,alpha-NeuNAc-(2->3)-beta-D-Gal-(1->4)-beta-D-GlcNAc-(1->2)-alpha-D-Man-(1->3)-[beta-D-Gal-(1->4)-beta-D-GlcNAc6S-(1->3)-beta-D-Gal-(1->4)-beta-D-GlcNAc-(1->2)-alpha-D-Man-(1->6)]-beta-D-Man-(1->4)-beta-D-GlcNAc-(1->4)-beta-D-GlcNAc-yl group (CHEBI:63522),cmpfr0tov3qevpltqhnkg7vsa,α-NeuNAc-(2→3)-β-<small>D</small>-Gal-(1→4)-β-<small>D</small>-GlcNAc-(1→2)-α-<small>D</small>-Man-(1→3)-[β-<small>D</small>-Gal-(1→4)-β-<small>D</small>-GlcNAc6S-(1→3)-β-<small>D</small>-Gal-(1→4)-β-,0.09,page title has low overlap with claim
cmpfr1cbz3r10pltq104ztn3i,https://www.ebi.ac.uk/chebi/searchId.do?chebiId=CHEBI:63669,"beta-D-IdoA-(1->4)-alpha-D-GlcNS3,6S2-(1->4)-beta-D-IdoA2S-(1->4)-alpha-D-GlcNS3S-(1->4)-beta-D-GlcA-(1->3)-beta-D-Gal-(1->3)-beta-D-Gal-(1->4)-beta-D-Xyl-yl group (CHEBI:63669)",cmpfr1cd43r11pltqlvah0ylf,"β-<small>D</small>-IdoA-(1→4)-α-<small>D</small>-GlcN<em>S</em>3,6<em>S</em><small><sub>2</sub></small>-(1→4)-β-<small>D</small>-IdoA2<em>S</em>-(1→4)-α-<small>D</small>-GlcN<em>S</em>3<em>S</em>-(1→4",0.09,page title has low overlap with claim
cmpfr8rpm3zgcpltqjpsc4wrn,https://www.ebi.ac.uk/chebi/searchId.do?chebiId=CHEBI:65625,"3beta-[(O-beta-D-glucopyranosyl-(1->4)-O-beta-D-glucopyranosyl-(1->6)-beta-D-glucopyranosyl)oxy]-17alpha-hydroxy-16beta-[(O-(2-O-3,4-dimethoxybenzoyl-beta-D-xylopyranosyl)-(1->3)-2-O-acetyl-alpha-L-arabinopyranosyl)oxy]cholest-5-en-22-one (CHEBI:65625)",cmpfr8rqr3zgdpltqovyp99o2,"3β-[(<em>O</em>-β-<small>D</small>-glucopyranosyl-(1→4)-<em>O</em>-β-<small>D</small>-glucopyranosyl-(1→6)-β-<small>D</small>-glucopyranosyl)oxy]-17α-hydroxy-16β-[(<em>O</em>-(2-<em>O</em>-3,4-dimetho",0.09,page title has low overlap with claim
cmpfr8rzw3zgopltqwk5w0tj3,https://www.ebi.ac.uk/chebi/searchId.do?chebiId=CHEBI:65627,"3beta-[(O-beta-D-glucopyranosyl-(1->4)-O-beta-D-glucopyranosyl-(1->6)-beta-D-glucopyranosyl)oxy]-17alphahydroxy-16beta-[(O-(3-O-3,4-dimethoxybenzoyl-beta-D-xylopyranosyl)-(1->3)-2-O-acetyl-alpha-L-arabinopyranosyl)oxy]cholest-5-en-22-one (CHEBI:65627)",cmpfr8s113zgppltqs0qcg3pg,"3β-[(<em>O</em>-β-<small>D</small>-glucopyranosyl-(1→4)-<em>O</em>-β-<small>D</small>-glucopyranosyl-(1→6)-β-<small>D</small>-glucopyranosyl)oxy]-17αhydroxy-16β-[(<em>O</em>-(3-<em>O</em>-3,4-dimethox",0.09,page title has low overlap with claim
cmpfr8rul3zgipltqea2n7a6c,https://www.ebi.ac.uk/chebi/searchId.do?chebiId=CHEBI:65626,"3beta-[(O-beta-D-glucopyranosyl-(1->4)-O-beta-D-glucopyranosyl-(1->6)-beta-D-glucopyranosyl)oxy]-17alpha-hydroxy-16beta-[(O-(2-O-3,4,5-trimethoxybenzoyl-beta-D-xylopyranosyl)-(1->3)-2-O-acetyl-alpha-L-arabinopyranosyl)oxy]cholest-5-en-22-one (CHEBI:65626)",cmpfr8rvq3zgjpltqajmnl1ks,"3β-[(<em>O</em>-β-<small>D</small>-glucopyranosyl-(1→4)-<em>O</em>-β-<small>D</small>-glucopyranosyl-(1→6)-β-<small>D</small>-glucopyranosyl)oxy]-17α-hydroxy-16β-[(<em>O</em>-(2-<em>O</em>-3,4,5-trime",0.09,page title has low overlap with claim
cmpfrrft94lcopltqursumr6v,https://www.ebi.ac.uk/chebi/searchId.do?chebiId=CHEBI:72649,cyanidin 3-O-[6-O-(4-O-beta-D-glucosyl-p-coumaroyl)-2-O-(2-O-sinapoyl-beta-D-xylosyl)-beta-D-glucosyl]-5-O-(6-O-malonyl-beta-D-glucoside)(1-) (CHEBI:72649),cmpfrrfuq4lcppltq5q67l65m,cyanidin 3-<em>O</em>-[6-<em>O</em>-(4-<em>O</em>-β-<small>D</small>-glucosyl-<em>p</em>-coumaroyl)-2-<em>O</em>-(2-<em>O</em>-sinapoyl-β-<small>D</small>-xylosyl)-β-<small>D</small>-glucosyl]-5-<em>O,0.09,page title has low overlap with claim
cmpfrrfz44lcupltqi8but9f0,https://www.ebi.ac.uk/chebi/searchId.do?chebiId=CHEBI:72650,cyanidin 3-O-[6-O-(4-O-beta-D-glucosyl-p-coumaroyl)-2-O-(beta-D-xylosyl)-beta-D-glucosyl]-5-O-(6-O-malonyl-beta-D-glucoside)(1-) (CHEBI:72650),cmpfrrg0m4lcvpltqwaf6ude4,cyanidin 3-<em>O</em>-[6-<em>O</em>-(4-<em>O</em>-β-<small>D</small>-glucosyl-<em>p</em>-coumaroyl)-2-<em>O</em>-(β-<small>D</small>-xylosyl)-β-<small>D</small>-glucosyl]-5-<em>O</em>-(6-<em>O</em>-ma,0.09,page title has low overlap with claim
cmpfrrmlr4lk0pltqeg2ewqd9,https://www.ebi.ac.uk/chebi/searchId.do?chebiId=CHEBI:72696,cyanidin 3-O-[6-O-(4-O-beta-D-glucosyl-p-coumaroyl)-2-O-(2-O-sinapoyl-beta-D-xylosyl)-beta-D-glucosyl]-5-O-(6-O-malonyl-beta-D-glucoside) (CHEBI:72696),cmpfrrmn04lk1pltqfbs5e4ru,cyanidin 3-<em>O</em>-[6-<em>O</em>-(4-<em>O</em>-β-<small>D</small>-glucosyl-<em>p</em>-coumaroyl)-2-<em>O</em>-(2-<em>O</em>-sinapoyl-β-<small>D</small>-xylosyl)-β-<small>D</small>-glucosyl]-5-<em>O,0.09,page title has low overlap with claim
cmpfrrout4llipltqi21at42z,https://www.ebi.ac.uk/chebi/searchId.do?chebiId=CHEBI:72705,cyanidin 3-O-[6-O-(4-O-beta-D-glucosyl-p-coumaroyl)-2-O-(beta-D-xylosyl)-beta-D-glucosyl]-5-O-(6-O-malonyl-beta-D-glucoside) (CHEBI:72705),cmpfrrovz4lljpltqhcd2ybrc,cyanidin 3-<em>O</em>-[6-<em>O</em>-(4-<em>O</em>-β-<small>D</small>-glucosyl-<em>p</em>-coumaroyl)-2-<em>O</em>-(β-<small>D</small>-xylosyl)-β-<small>D</small>-glucosyl]-5-<em>O</em>-(6-<em>O</em>-ma,0.09,page title has low overlap with claim
cmpfrwf704qi0pltqokay45h1,https://www.ebi.ac.uk/chebi/searchId.do?chebiId=CHEBI:73844,N(4)-{alpha-Neu5Ac-(2->6)-beta-D-Gal-(1->4)-beta-D-GlcNAc-(1->2)-alpha-D-Man-(1->3)-[alpha-Neu5Ac-(2->6)-beta-D-Gal-(1->4)-beta-D-GlcNAc-(1->2)-alpha-D-Man-(1->6)]-beta-D-Man-(1->4)-beta-D-GlcNAc-(1->4)-[alpha-L-Fuc-(1->6)]-D-GlcNAc}-L-Asn residue (CHEBI:73844),cmpfrwf8c4qi1pltqkjnr1owu,<em>N</em><small><sup>4</small></sup>-{α-Neu5Ac-(2→6)-β-<small>D</small>-Gal-(1→4)-β-<small>D</small>-GlcNAc-(1→2)-α-<small>D</small>-Man-(1→3)-[α-Neu5Ac-(2→6)-β-<small>D</small>-Gal-(1→4)-β-<small>D<,0.09,page title has low overlap with claim
cmpfsn3y45necpltqub0mb89c,https://www.ebi.ac.uk/chebi/searchId.do?chebiId=CHEBI:84078,beta-D-Galp-(1->4)-beta-D-GlcpNAc-(1->3)-beta-D-Galp-(1->4)-beta-D-Glcp-(1->4)-[alpha-D-GlcpNAc-(1->2)-3-PEA-L-alpha-D-Hepp-(1->3)]-L-alpha-D-Hepp-(1->5)-alpha-Kdo-(2->6)-(de-O-acylated lipid A) (CHEBI:84078),cmpfsn3z85nedpltqvl1tpxjm,β-<small>D</small>-Gal<em>p</em>-(1→4)-β-<small>D</small>-Glc<em>p</em>NAc-(1→3)-β-<small>D</small>-Gal<em>p</em>-(1→4)-β-<small>D</small>-Glc<em>p</em>-(1→4)-[α-<small>D</small>-Glc<em>p</em>NAc-(1→2,0.08,page title has low overlap with claim
cmpfssrm95udopltq1s0vyckk,https://www.ebi.ac.uk/chebi/searchId.do?chebiId=CHEBI:85677,alpha-Neup5Ac-(2->3)-beta-D-Galp-(1->3)-beta-D-GalpNAc-(1->4)-[alpha-Neup5Ac-(2->3)]-beta-D-Galp-(1->3)-L-alpha-D-Hepp-(1->3)-[beta-D-Glcp-(1->4)]-L-alpha-D-Hepp6PEtn-(1->5)-[alpha-D-Kdo-(2->4)]-alpha-D-Kdo-(2->6)-lipid A (CHEBI:85677),cmpfssrnd5udppltql4qcl8to,α-Neu<em>p</em>5Ac-(2→3)-β-<small>D</small>-Gal<em>p</em>-(1→3)-β-<small>D</small>-Gal<em>p</em>NAc-(1→4)-[α-Neu<em>p</em>5Ac-(2→3)]-β-<small>D</small>-Gal<em>p</em>-(1→3)-<small>L</small>-α-<small>D<,0.09,page title has low overlap with claim
cmpft9pgn6fqopltqbzw4rkye,https://www.ebi.ac.uk/chebi/searchId.do?chebiId=CHEBI:132209,alpha-Neup5Ac-(2->6)-beta-D-Galp-(1->4)-beta-D-GlcpNAc-(1->2)-alpha-D-Manp-(1->3)-[alpha-Neup5-Ac-(2->6)-beta-D-Galp-(1->4)-beta-D-GlcpNAc-(1->2)-alpha-D-Manp-(1->6)]-beta-D-Manp-(1->4)-beta-D-GlcpNAc-(1->4)-[alpha-L-Fucp-(1->6)]-D-GlcpNAc-yl group (CHEBI:132209),cmpft9phw6fqppltq4z9837vt,α-Neu<em>p</em>5Ac-(2→6)-β-<small>D</small>-Gal<em>p</em>-(1→4)-β-<small>D</small>-Glc<em>p</em>NAc-(1→2)-α-<small>D</small>-Man<em>p</em>-(1→3)-[α-Neu<em>p</em>5-Ac-(2→6)-β-<small>D</small>-Gal<em>p<,0.09,page title has low overlap with claim
cmpftk8386rgipltq3e63wqb5,https://www.ebi.ac.uk/chebi/searchId.do?chebiId=CHEBI:136285,alpha-D-GalN-(1->4)-[alpha-LD-Hep-(1->2)-alpha-DD-Hep-(1->2)]-alpha-D-GalA-(1->3)-[alpha-LD-Hep-(1->7)]-alpha-LD-Hep6PEtn-(1->3)-[beta-D-Glc-(1->4)]-alpha-LD-Hep-(1->5)-[alpha-Kdo-(2->4)][beta-L-Arap4N-(1->8)]-alpha-Kdo-(2->6)-lipid A (CHEBI:136285),cmpftk84d6rgjpltqrolob17y,α-<small>D</small>-GalN-(1→4)-[α-<small>L</small><small>D</small>-Hep-(1→2)-α-<small>D</small><small>D</small>-Hep-(1→2)]-α-<small>D</small>-GalA-(1→3)-[α-<small>L</small><small>D</small>-Hep-(1→7)]-α,0.08,page title has low overlap with claim
cmpftk6ju6reopltq5r40znu8,https://www.ebi.ac.uk/chebi/searchId.do?chebiId=CHEBI:136274,alpha-D-GalN-(1->4)-[alpha-DD-Hep-(1->2)]-alpha-D-GalA-(1->3)-[alpha-LD-Hep-(1->7)]-alpha-LD-Hep6PEtn-(1->3)-[beta-D-Glc-(1->4)]-alpha-LD-Hep-(1->5)-[alpha-Kdo-(2->4)][beta-L-Arap4N-(1->8)]-alpha-Kdo-(2->6)-lipid A (CHEBI:136274),cmpftk6ky6reppltqy5q90ede,α-<small>D</small>-GalN-(1→4)-[α-<small>D</small><small>D</small>-Hep-(1→2)]-α-<small>D</small>-GalA-(1→3)-[α-<small>L</small><small>D</small>-Hep-(1→7)]-α-<small>L</small><small>D</small>-Hep6<em>P</,0.08,page title has low overlap with claim
cmpm2i0y80nkbsafwyt5mj6lh,http://digitalcommons.unl.edu/usepapapers/206,"""Embracing panarchy, building resilience and integrating adaptive manag"" by Melinda Harm Benson and Ahjond S. Garmestani",cmpm2i0ys0nkcsafwyple3i01,"Environmental law plays a key role in shaping policy for sustainability of socialeecological systems. In particular, the types of legal instruments, institutions, and the response of law to the inhere",0.08,page title has low overlap with claim
cmpm3krjh15l2safw8mth5gti,http://repub.eur.nl/pub/19572,"RePub, Erasmus University Repository:
  Behavioural Economics in Consumer Policy: The Economic Analysis of Standard Terms in Consumer Contracts Revisited",cmpm3krk015l3safw7f1uxrfp,"Before the credit crisis swept across global economies, affecting all nations and&#13;\nalmost all individuals, rational choice was quite well established as the main paradigm to&#13;\ninform policy m",0.08,page title has low overlap with claim
cmpm67a642dxksafwxdernlty,https://digitalcommons.unl.edu/nlr/vol87/iss4/5,"""Panarchy, Adaptive Management and Governance: Policy Options for Build"" by Ahjond S. Garmestani, Craig R. Allen et al.",cmpm67a6o2dxlsafwpn7qw55e,"Environmental law plays a key role in shaping policy for sustainability. In particular, the types of legal instruments, institutions, and the response of law to the inherent variability in socio-ecolo",0.09,page title has low overlap with claim
cmpm6n4qh2lf2safw4oes8ic0,http://hdl.handle.net/10810/41109,"Online risk, harm and vulnerability : reflections on the evidence base for child Internet safety policy",cmpm6n4qz2lf3safwhb4rkyt2,"Hamarraldi bat edo gehiago eman du ikerkuntzak adingabekoek Interneten aurkitzen dituzten aukera eta arriskuak aztertzen. Hori kontuan izanik, eremu oso eztabaidagarri batean politika sustatzeko infor",0.09,page title has low overlap with claim
cmqeh3cmh000esaeq206cm8yu,https://pubmed.ncbi.nlm.nih.gov/6200936,Frequent detection and isolation of cytopathic retroviruses (HTLV-III) from patients with AIDS and at risk for AIDS.,cmqeh3cjf000asaeq39xebunu,Human immunodeficiency virus (HIV) is the cause of acquired immune deficiency syndrome (AIDS).,0.13,PubMed PMID 6200936: title has low overlap with claim
cmqeh3dnn001psaeqhkqr53py,https://pubmed.ncbi.nlm.nih.gov/13875378,[Hypofibrinogenemia in obstetrics].,cmqeh3dn4001osaeq8js7s2of,"Thalidomide, when taken during pregnancy, causes severe limb malformations (phocomelia) and other birth defects in newborns.",0.00,PubMed PMID 13875378: title has low overlap with claim
cmqeh3e3a002csaeqcc8c6ntu,https://pubmed.ncbi.nlm.nih.gov/18799767,"The promotion and marketing of oxycontin: commercial triumph, public health tragedy.",cmqeh3e0p0028saeqqr6531oe,Prescription opioids prescribed for chronic pain carry less than a 1% risk of addiction in patients with no prior substance abuse history.,0.00,PubMed PMID 18799767: title has low overlap with claim
cmqej8wns0018sa5j04phdpt3,https://pubmed.ncbi.nlm.nih.gov/30028957,How to minimize dye-induced perturbations while studying biomembrane structure and dynamics: PEG linkers as a rational alternative.,cmqej8wl80014sa5j47w9x1gj,"The Black Death (bubonic plague caused by Yersinia pestis) arrived in Europe via Genoese trading ships at Messina, Sicily, in October 1347, killing an estimated 30–60% of Europe's population by 1353.",0.00,PubMed PMID 30028957: title has low overlap with claim
cmqej92id009dsa5j111kcfps,https://pubmed.ncbi.nlm.nih.gov/2783041/,Immunocytochemical detection of proliferating cells in the rat tooth germ by monoclonal antibodies against 5-bromo-2'-deoxyuridine.,cmqej92fd0099sa5jpjmpe8tv,"Alexander Fleming discovered the antibacterial properties of penicillin in September 1928, leading to the development of the first widely effective antibiotic.",0.00,PubMed PMID 2783041: title has low overlap with claim
0018756b-3903-4212-b23c-417a8eac3518,https://doi.org/10.1088/1757-899x/872/1/012029,Solving the problem of optimizing wind farm design using genetic algorithms,92b8360f-5e52-4bfd-85fd-f91d279a6eef,"Abstract Renewable energies have become a topic of great interest in recent years because the natural sources used for the generation of these energies are inexhaustible and non-polluting. In fact, en",0.00,DOI 10.1088/1757-899x/872/1/012029: title has low overlap with claim
0018de55-f5c0-4686-a6e6-482e11d73226,https://doi.org/10.1155/2022/6246576,Intelligent Building Space Layout and Optimization Design Method Based on Biological Population Simulation,003f0606-4d1d-4923-a279-fadb45a900dc,"Smart buildings can store various types of data, analyze data at a faster speed, and quickly provide users with the most accurate and high-quality intelligent services through technical means. The mai",0.09,DOI 10.1155/2022/6246576: title has low overlap with claim
cmpm96lqo3uz6sadnglxf1512,http://ci.nii.ac.jp/ncid/BA29046925,CiNii 図書 - Treating sexually abused children and their nonoffending parents : a cognitive behavioral approach,cmpm96lr83uz7sadnj756sk3i,Introduction Overview of Child Sexual Abuse Overview of the Treatment Model Initiating Therapy Child Intervention Nonoffending Parent Intervention Joint Parent-Child Sessions Conclusion,0.09,page title has low overlap with claim
cmpmanzto4h63saeru12azkpl,https://doaj.org/article/92ee38c4eefc44b3a2ad6b42ba9882e2,Targeted Therapy for Inflammatory Diseases with Mesenchymal Stem Cells and Their Derived Exosomes: From Basic to Clinics – DOAJ,cmpmanzub4h64saeru7uryjso,"Shuo Wang,1 Biyu Lei,1 E Zhang,2 Puyang Gong,1 Jian Gu,1 Lili He,1 Lu Han,1 Zhixiang Yuan1 1College of Pharmacy, Southwest Minzu University, Chengdu, 610041, Sichuan, Peopleâs Republic of China; 2De",0.08,page title has low overlap with claim
cmpmb668z4sjisadnehvrfkaw,https://eric.ed.gov/?id=EJ460420,"ERIC - EJ460420 - A Longitudinal Study of Cognitive Changes in Beginning Teachers: Two Patterns of Learning to Teach., Teacher Education Quarterly, 1992",cmpmb669i4sjjsadndan0xmq7,"Mary-Lynn Lidstone is a member of the faculty, Department of Education, Mills College, Oakland, California, and a doctoral student at the School of Education, University of California, Berkeley; Sandr",0.07,page title has low overlap with claim
cmpoo8evf0nmusawx9a7e2mji,https://doaj.org/article/aa0feef4c13c43f1aeca6a3009fe12bb,Comparison of the efficacy of intradermal injected tranexamic acid vs hydroquinone cream in the treatment of melasma – DOAJ,cmpoo8evz0nmvsawx2kew59jl,"Nader Pazyar,1 Reza Yaghoobi,1 Maryam Zeynalie,2 Samin Vala2 1Dermatology Department, Ahvaz Jundishapur University of Medical Science, Ahvaz, Iran; 2Dermatology Department, Emam Hospital, School of Me",0.09,page title has low overlap with claim
cmponzcqa0jg0sawx6shtkjhk,http://hdl.handle.net/11577/3425152,"Eziopatogenesi e terapia dell&#039;acne:
studio epidemiologico delle caratteristiche cliniche di una popolazione di pazienti affetti da acne e analisi dei polimorfismi del gene codificante per il recettore degli androgeni e del gene codificante per il citocromo P-450 1A1",cmponzcqw0jg1sawx89qheqyf,"Background: Acne vulgaris is a chronic inflammatory disease of the pilosebaceous follicles, which are located on the face, neck, chest, upper back, and upper arms. It is a pleomorphic disorders with m",0.05,page title has low overlap with claim
cmq3xyqmbccqcsavckwi3fgcn,http://www.osti.gov/scitech/biblio/6862535,AFGL (Air Force Geophysical Laboratory) atmospheric constituent profiles (0. 120km). Environmental research papers (Technical Report) | OSTI.GOV,cmq3xyqmuccqdsavczuawobka,"An atmospheric data base consisting of volume-mixing ratios (o0 to 12 okm) for 28 minor and trace gases was assembled for use with spectral-radiance transmittance models. Six reference atmospheres, ea",0.07,page title has low overlap with claim
